Date,N1,N2,N3,N4,N5,E1,E2
2004-02-13,14,18,31,40,46,8,11
2004-02-20,5,11,41,42,43,3,10
2004-02-27,8,18,28,39,50,2,3
2004-03-05,16,18,43,49,50,2,12
2004-03-12,8,14,22,34,47,2,9
2004-03-19,9,11,38,40,48,2,11
2004-03-26,5,15,28,41,43,5,9
2004-04-02,10,11,14,25,41,3,8
2004-04-09,6,7,29,35,38,6,9
2004-04-16,1,6,8,44,50,3,8
2004-04-23,21,24,30,33,34,6,12
2004-04-30,7,26,30,34,48,2,3
2004-05-07,4,8,28,34,40,3,10
2004-05-14,7,13,36,38,50,2,6
2004-05-21,23,33,35,39,47,1,9
2004-05-28,14,19,30,32,36,2,10
2004-06-04,7,10,16,23,25,10,11
2004-06-11,2,20,26,39,50,1,5
2004-06-18,9,19,28,31,42,1,5
2004-06-25,2,6,20,32,46,9,11
2004-07-02,5,9,10,11,49,5,12
2004-07-09,6,9,12,41,48,1,11
2004-07-16,3,8,21,38,50,10,12
2004-07-23,6,12,18,27,31,1,8
2004-07-30,1,4,11,29,42,2,8
2004-08-06,11,28,38,42,47,10,11
2004-08-13,16,18,27,38,48,7,10
2004-08-20,7,10,14,23,41,2,10
2004-08-27,1,11,22,40,48,5,8
2004-09-03,10,16,22,27,28,5,11
2004-09-10,28,31,32,34,36,3,5
2004-09-17,1,5,17,21,40,2,11
2004-09-24,1,8,16,36,43,6,9
2004-10-01,7,18,21,32,36,2,7
2004-10-08,3,16,30,31,34,4,9
2004-10-15,10,15,29,45,49,6,12
2004-10-22,1,13,18,40,50,7,10
2004-10-29,3,15,34,38,43,4,11
2004-11-05,12,26,30,31,41,2,6
2004-11-12,11,14,18,26,49,3,10
2004-11-19,17,19,42,43,46,1,9
2004-11-26,22,23,27,30,43,2,8
2004-12-03,8,9,31,33,41,11,12
2004-12-10,7,14,26,43,49,1,4
2004-12-17,1,7,26,32,45,10,11
2004-12-24,4,10,14,16,37,7,11
2004-12-31,28,43,44,46,48,1,12
2005-01-07,23,27,41,44,45,4,9
2005-01-14,11,18,19,28,46,1,12
2005-01-21,15,35,42,45,47,1,9
2005-01-28,19,30,36,38,39,1,5
2005-02-04,17,20,26,35,46,7,12
2005-02-11,7,10,14,38,42,8,9
2005-02-18,1,2,5,22,25,2,12
2005-02-25,10,15,18,19,36,2,5
2005-03-04,9,11,20,21,29,2,3
2005-03-11,6,9,10,36,44,4,5
2005-03-18,14,22,37,40,41,5,11
2005-03-25,7,16,39,40,45,3,12
2005-04-01,9,10,33,36,47,3,7
2005-04-08,10,21,35,45,49,9,12
2005-04-15,10,18,22,41,43,1,5
2005-04-22,5,6,33,34,44,4,5
2005-04-29,2,22,30,31,40,11,12
2005-05-06,15,20,28,30,49,2,10
2005-05-13,2,10,19,22,42,3,5
2005-05-20,3,33,36,39,43,1,3
2005-05-27,14,15,21,41,43,8,10
2005-06-03,6,16,32,35,39,6,8
2005-06-10,2,6,24,48,49,5,6
2005-06-17,2,17,27,43,44,2,5
2005-06-24,5,7,8,11,48,2,5
2005-07-01,17,26,33,36,43,4,7
2005-07-08,1,16,22,31,43,2,9
2005-07-15,5,8,14,28,36,7,10
2005-07-22,2,21,34,39,43,3,12
2005-07-29,8,9,12,16,26,9,10
2005-08-05,18,19,26,28,29,5,6
2005-08-12,4,11,12,30,44,2,3
2005-08-19,1,5,24,46,50,5,6
2005-08-26,20,27,34,43,50,4,5
2005-09-02,16,17,35,43,47,2,11
2005-09-09,1,6,9,23,37,8,9
2005-09-16,9,26,31,32,43,2,9
2005-09-23,1,21,26,28,50,8,11
2005-09-30,6,14,20,41,44,5,11
2005-10-07,18,20,27,46,47,3,12
2005-10-14,3,6,42,45,50,5,12
2005-10-21,3,16,20,46,48,3,7
2005-10-28,8,13,29,41,45,9,10
2005-11-04,15,30,31,42,48,3,9
2005-11-11,2,7,9,10,12,7,9
2005-11-18,9,23,29,31,38,6,10
2005-11-25,2,7,13,40,44,4,8
2005-12-02,8,9,36,37,43,3,10
2005-12-09,1,34,35,48,50,1,10
2005-12-16,16,25,28,40,46,8,9
2005-12-23,7,14,18,39,47,5,6
2005-12-30,8,9,11,33,50,3,5
2006-01-06,18,26,41,42,45,7,11
2006-01-13,1,5,14,34,42,2,6
2006-01-20,29,35,42,45,48,3,4
2006-01-27,12,13,22,35,37,3,11
2006-02-03,8,24,25,38,48,1,2
2006-02-10,1,2,18,27,33,3,11
2006-02-17,10,11,22,33,35,1,6
2006-02-24,4,5,15,17,34,1,5
2006-03-03,7,12,32,47,48,4,10
2006-03-10,1,7,12,14,35,6,12
2006-03-17,12,19,22,33,36,5,12
2006-03-24,5,37,40,46,50,8,10
2006-03-31,11,20,21,29,50,3,12
2006-04-07,3,13,24,39,47,6,12
2006-04-14,2,5,25,26,29,5,12
2006-04-21,7,9,10,13,37,1,10
2006-04-28,11,25,39,46,50,10,12
2006-05-05,3,20,24,34,48,3,6
2006-05-12,6,7,30,39,41,3,5
2006-05-19,15,19,30,32,45,5,6
2006-05-26,1,2,14,24,44,6,9
2006-06-02,3,13,32,42,46,4,5
2006-06-09,9,16,36,41,50,10,12
2006-06-16,17,21,36,38,48,7,11
2006-06-23,8,18,41,46,50,1,8
2006-06-30,22,30,33,44,50,8,12
2006-07-07,1,6,7,8,32,3,8
2006-07-14,2,3,23,46,47,4,10
2006-07-21,8,11,12,26,50,2,3
2006-07-28,8,40,45,47,50,8,9
2006-08-04,3,9,11,34,50,1,4
2006-08-11,1,21,28,31,45,9,12
2006-08-18,14,17,19,29,32,9,10
2006-08-25,4,12,28,32,47,2,8
2006-09-01,7,8,14,17,47,2,7
2006-09-08,1,3,29,44,46,2,10
2006-09-15,15,24,29,37,46,6,9
2006-09-22,14,25,27,38,39,2,3
2006-09-29,6,8,10,38,47,3,7
2006-10-06,7,17,22,24,37,7,11
2006-10-13,1,14,15,19,28,5,9
2006-10-20,3,4,20,28,34,5,12
2006-10-27,1,8,32,42,45,1,10
2006-11-03,5,30,36,37,47,4,12
2006-11-10,4,8,17,42,44,3,7
2006-11-17,2,8,11,31,50,6,9
2006-11-24,14,23,43,46,47,4,8
2006-12-01,1,6,29,34,45,1,4
2006-12-08,6,27,31,32,33,3,5
2006-12-15,16,26,35,39,50,1,12
2006-12-22,1,6,8,15,40,4,7
2006-12-29,16,18,25,28,32,5,10
2007-01-05,2,22,23,41,50,2,11
2007-01-12,3,6,19,30,39,4,5
2007-01-19,1,5,11,30,41,5,12
2007-01-26,15,44,45,47,50,8,11
2007-02-02,23,37,46,48,49,8,12
2007-02-09,14,20,27,42,50,7,12
2007-02-16,22,27,35,47,49,2,6
2007-02-23,9,18,21,29,31,1,6
2007-03-02,9,25,27,42,50,6,8
2007-03-09,5,11,15,16,23,9,10
2007-03-16,12,17,23,35,50,6,8
2007-03-23,3,11,30,37,45,8,10
2007-03-30,18,27,29,39,43,9,11
2007-04-06,20,27,28,44,48,8,11
2007-04-13,1,6,7,37,42,3,6
2007-04-20,4,7,23,35,38,5,8
2007-04-27,26,27,29,35,46,6,11
2007-05-04,6,7,34,37,50,8,12
2007-05-11,5,11,18,39,49,3,11
2007-05-18,14,34,36,38,42,6,9
2007-05-25,5,7,16,25,32,4,12
2007-06-01,3,12,22,27,49,9,12
2007-06-08,28,35,40,42,47,3,9
2007-06-15,7,20,31,34,41,3,9
2007-06-22,2,8,34,38,46,5,8
2007-06-29,4,15,26,28,34,2,12
2007-07-06,2,6,7,13,37,5,11
2007-07-13,20,33,40,45,49,9,12
2007-07-20,11,17,29,35,43,4,12
2007-07-27,26,39,42,47,49,3,12
2007-08-03,11,15,40,45,49,4,12
2007-08-10,10,15,26,31,41,3,12
2007-08-17,3,32,34,40,48,1,12
2007-08-24,18,21,32,37,42,10,11
2007-08-31,3,7,32,44,49,9,12
2007-09-07,21,27,28,41,50,1,3
2007-09-14,8,13,19,21,49,2,6
2007-09-21,5,19,23,25,49,2,12
2007-09-28,2,5,8,18,44,2,11
2007-10-05,1,9,18,36,39,3,4
2007-10-12,6,15,17,25,26,8,11
2007-10-19,4,9,16,17,36,2,11
2007-10-26,14,34,47,49,50,1,3
2007-11-02,13,27,38,40,48,8,11
2007-11-09,23,28,31,35,39,2,4
2007-11-16,9,15,23,30,34,4,8
2007-11-23,10,12,19,33,43,6,11
2007-11-30,14,30,35,43,46,2,10
2007-12-07,33,34,40,44,49,6,8
2007-12-14,5,23,27,41,44,7,10
2007-12-21,2,12,17,28,44,3,7
2007-12-28,3,25,27,30,39,2,6
2008-01-04,8,13,26,30,35,9,11
2008-01-11,2,9,18,27,29,6,7
2008-01-18,7,10,24,27,32,2,12
2008-01-25,31,37,40,48,49,6,10
2008-02-01,11,13,20,31,39,9,10
2008-02-08,9,18,30,31,36,6,9
2008-02-15,17,33,34,38,39,3,12
2008-02-22,4,11,24,27,50,6,10
2008-02-29,26,31,37,38,50,3,7
2008-03-07,2,25,31,33,42,2,9
2008-03-14,1,3,9,15,42,2,4
2008-03-21,2,3,8,12,39,4,9
2008-03-28,2,8,26,30,47,1,3
2008-04-04,24,37,44,48,50,4,8
2008-04-11,9,26,30,36,42,2,9
2008-04-18,7,12,25,34,42,6,11
2008-04-25,4,23,27,33,43,3,5
2008-05-02,2,24,29,42,43,1,8
2008-05-09,2,9,16,17,49,3,12
2008-05-16,7,9,23,34,39,2,7
2008-05-23,10,12,31,35,43,7,10
2008-05-30,25,33,34,35,41,5,12
2008-06-06,4,14,19,33,41,3,8
2008-06-13,2,11,28,42,45,4,11
2008-06-20,8,9,27,31,49,8,11
2008-06-27,6,25,38,45,46,6,8
2008-07-04,1,15,36,44,48,7,9
2008-07-11,9,12,27,29,36,6,12
2008-07-18,8,18,25,34,35,2,4
2008-07-25,15,34,42,47,49,8,9
2008-08-01,20,24,26,29,40,5,12
2008-08-08,26,31,39,42,48,6,9
2008-08-15,6,11,17,37,41,1,3
2008-08-22,9,31,42,43,46,6,7
2008-08-29,5,6,11,24,36,3,12
2008-09-05,1,8,16,29,41,4,5
2008-09-12,1,3,7,23,33,6,9
2008-09-19,9,12,25,38,43,1,10
2008-09-26,5,38,41,44,49,2,5
2008-10-03,3,5,10,31,37,6,9
2008-10-10,5,23,36,43,49,3,8
2008-10-17,12,22,28,37,48,5,6
2008-10-24,15,28,30,41,42,7,8
2008-10-31,16,19,24,39,48,3,4
2008-11-07,5,10,27,45,48,1,2
2008-11-14,8,18,31,37,40,2,5
2008-11-21,12,14,17,21,37,4,5
2008-11-28,5,16,17,20,37,4,9
2008-12-05,2,19,25,29,41,1,10
2008-12-12,16,25,26,34,45,1,7
2008-12-19,12,14,19,25,41,5,8
2008-12-26,3,6,11,34,50,4,12
2009-01-02,1,3,11,15,36,4,12
2009-01-09,6,12,23,33,41,3,10
2009-01-16,4,18,28,37,39,4,7
2009-01-23,7,15,24,27,37,6,7
2009-01-30,13,24,33,36,49,10,12
2009-02-06,3,8,27,28,36,1,6
2009-02-13,5,22,25,26,41,6,7
2009-02-20,1,15,16,33,43,2,4
2009-02-27,8,12,14,24,32,7,8
2009-03-06,9,14,16,21,50,2,12
2009-03-13,2,27,43,46,49,4,7
2009-03-20,8,18,24,29,30,2,4
2009-03-27,3,7,17,18,32,3,9
2009-04-03,2,4,30,36,38,2,3
2009-04-10,1,10,11,17,32,3,11
2009-04-17,7,12,13,24,44,1,12
2009-04-24,13,25,29,46,48,6,7
2009-05-01,17,30,33,41,43,8,12
2009-05-08,12,26,28,35,48,5,6
2009-05-15,19,27,32,35,38,7,9
2009-05-22,5,14,32,33,35,6,8
2009-05-29,13,30,35,41,47,2,9
2009-06-05,11,26,29,45,47,5,8
2009-06-12,5,7,12,18,23,7,10
2009-06-19,5,6,8,14,33,5,6
2009-06-26,3,10,16,23,44,10,11
2009-07-03,2,6,11,28,37,3,7
2009-07-10,3,4,12,32,44,7,8
2009-07-17,7,36,38,46,47,8,10
2009-07-24,1,30,37,42,45,5,9
2009-07-31,6,19,23,35,47,5,6
2009-08-07,10,19,26,36,38,6,12
2009-08-14,4,10,20,25,30,4,12
2009-08-21,10,14,16,17,42,4,9
2009-08-28,13,34,39,43,49,10,11
2009-09-04,13,25,27,30,46,10,11
2009-09-11,2,18,24,28,36,5,8
2009-09-18,16,20,36,37,42,4,10
2009-09-25,5,16,19,32,37,4,8
2009-10-02,1,11,13,45,47,8,12
2009-10-09,3,26,41,44,47,2,7
2009-10-16,4,18,22,32,40,1,6
2009-10-23,3,17,19,27,35,1,11
2009-10-30,11,14,21,41,43,1,9
2009-11-06,3,6,8,10,26,2,9
2009-11-13,7,12,16,23,49,6,12
2009-11-20,2,25,36,37,44,6,12
2009-11-27,6,11,15,16,23,7,11
2009-12-04,5,25,28,33,49,1,6
2009-12-11,1,21,35,36,50,2,9
2009-12-18,9,22,26,30,38,8,10
2009-12-25,12,30,31,34,39,1,5
2010-01-01,14,16,24,29,34,6,7
2010-01-08,4,13,22,40,46,11,12
2010-01-15,1,11,14,18,27,2,3
2010-01-22,5,12,18,36,41,7,10
2010-01-29,14,25,32,40,49,11,12
2010-02-05,9,10,23,25,27,7,12
2010-02-12,11,26,32,37,43,5,10
2010-02-19,37,41,46,47,49,3,10
2010-02-26,11,22,35,36,40,1,3
2010-03-05,1,10,28,33,43,1,6
2010-03-12,7,11,25,28,34,4,12
2010-03-19,23,27,31,40,46,2,10
2010-03-26,1,3,14,31,33,5,6
2010-04-02,3,7,8,23,43,4,9
2010-04-09,10,16,17,36,43,3,11
2010-04-16,5,10,22,27,43,6,7
2010-04-23,14,23,31,46,47,1,6
2010-04-30,5,10,29,31,42,2,5
2010-05-07,5,18,25,36,37,1,6
2010-05-14,21,35,42,43,48,4,7
2010-05-21,7,10,25,33,47,3,11
2010-05-28,8,22,43,47,49,1,2
2010-06-04,11,26,29,36,38,1,11
2010-06-11,5,6,34,35,45,8,10
2010-06-18,2,9,17,18,50,5,7
2010-06-25,12,15,28,39,42,5,12
2010-07-02,2,3,6,15,38,1,9
2010-07-09,11,17,29,36,47,2,4
2010-07-16,4,8,12,37,39,2,12
2010-07-23,13,14,35,36,39,6,10
2010-07-30,25,30,35,38,48,5,12
2010-08-06,12,14,28,42,49,2,8
2010-08-13,5,8,11,41,47,2,6
2010-08-20,1,5,11,20,29,2,11
2010-08-27,8,11,28,39,48,3,10
2010-09-03,2,5,9,31,46,6,9
2010-09-10,14,24,29,33,48,2,12
2010-09-17,4,24,27,31,32,1,6
2010-09-24,10,13,38,46,50,6,7
2010-10-01,13,15,17,28,36,2,12
2010-10-08,10,12,20,25,26,9,10
2010-10-15,5,15,19,21,32,2,7
2010-10-22,3,4,10,20,49,1,11
2010-10-29,5,8,12,21,39,1,12
2010-11-05,19,22,31,39,46,7,8
2010-11-12,1,22,33,40,42,7,8
2010-11-19,11,15,34,46,50,3,7
2010-11-26,10,14,24,27,33,6,7
2010-12-03,5,22,27,47,50,1,9
2010-12-10,12,36,41,47,50,1,8
2010-12-17,16,18,27,36,39,8,12
2010-12-24,7,10,29,34,39,7,10
2010-12-31,9,13,16,27,40,2,6
2011-01-07,1,13,22,27,47,5,10
2011-01-14,3,6,17,20,48,7,8
2011-01-21,20,21,32,44,46,1,7
2011-01-28,1,6,19,24,39,7,9
2011-02-04,7,18,37,49,50,3,4
2011-02-11,6,8,37,38,47,5,9
2011-02-18,5,11,31,36,39,5,10
2011-02-25,7,21,24,27,34,5,8
2011-03-04,5,9,20,32,43,2,11
2011-03-11,11,23,36,42,47,5,10
2011-03-18,5,20,24,35,41,8,10
2011-03-25,14,24,26,32,33,11,12
2011-04-01,7,20,32,38,45,6,7
2011-04-08,8,15,16,25,32,8,11
2011-04-15,6,13,32,48,49,5,10
2011-04-22,13,23,28,32,36,8,12
2011-04-29,5,13,32,42,49,1,12
2011-05-06,11,12,33,38,41,10,11
2011-05-13,2,26,28,43,49,5,6
2011-05-20,15,23,28,33,48,6,7
2011-05-27,2,11,12,14,38,7,10
2011-06-03,11,17,44,46,50,2,3
2011-06-10,8,27,29,39,48,7,9
2011-06-17,10,12,21,22,49,4,6
2011-06-24,4,24,41,43,49,2,8
2011-07-01,5,16,30,36,43,7,12
2011-07-08,7,14,29,30,36,6,12
2011-07-15,19,27,31,36,41,6,8
2011-07-22,1,10,11,36,45,8,12
2011-07-29,3,14,15,35,43,8,11
2011-08-05,8,9,21,26,39,9,12
2011-08-12,7,16,24,30,38,9,11
2011-08-19,8,11,19,32,35,7,9
2011-08-26,1,20,33,41,49,4,5
2011-09-02,2,9,19,23,47,1,6
2011-09-09,4,17,19,43,49,3,4
2011-09-16,5,12,34,40,50,1,2
2011-09-23,3,6,24,37,40,1,5
2011-09-30,5,9,13,21,22,8,12
2011-10-07,3,14,20,23,41,5,8
2011-10-14,14,24,27,35,41,3,8
2011-10-21,7,13,15,25,27,2,8
2011-10-28,4,20,22,35,43,5,6
2011-11-04,4,14,18,31,50,1,12
2011-11-11,6,15,19,25,45,4,5
2011-11-18,4,8,18,36,41,6,8
2011-11-25,9,18,19,37,47,4,7
2011-12-02,6,18,29,31,44,2,3
2011-12-09,1,6,21,22,41,2,6
2011-12-16,9,11,24,26,47,4,8
2011-12-23,3,29,32,40,46,6,9
2011-12-30,21,22,25,29,50,1,5
2012-01-06,5,19,25,37,40,3,4
2012-01-13,4,9,16,21,48,2,6
2012-01-20,14,15,19,29,41,4,9
2012-01-27,1,15,34,39,47,5,7
2012-02-03,3,25,43,46,50,5,7
2012-02-10,5,13,21,44,49,3,8
2012-02-17,33,36,38,42,48,4,9
2012-02-24,13,27,33,45,46,3,11
2012-03-02,1,29,40,42,46,1,9
2012-03-09,17,20,22,35,39,11,12
2012-03-16,23,30,36,44,46,6,7
2012-03-23,2,4,10,41,49,2,5
2012-03-30,18,27,30,45,50,2,8
2012-04-06,10,19,21,37,50,3,5
2012-04-13,16,24,33,38,48,8,11
2012-04-20,4,26,33,35,49,2,10
2012-04-27,8,10,14,32,40,4,10
2012-05-04,7,18,21,22,42,5,11
2012-05-11,9,18,33,41,48,7,12
2012-05-18,7,11,18,38,42,6,7
2012-05-25,16,17,26,48,49,4,12
2012-06-01,19,24,25,36,43,2,4
2012-06-08,1,14,27,45,48,2,8
2012-06-15,16,27,32,37,50,6,11
2012-06-22,8,16,18,29,47,2,8
2012-06-29,5,19,26,33,48,2,3
2012-07-06,9,32,34,42,43,1,2
2012-07-13,3,14,40,46,48,1,12
2012-07-20,12,14,32,33,48,9,11
2012-07-27,2,32,35,36,45,6,9
2012-08-03,13,17,23,29,37,3,10
2012-08-10,6,9,35,38,48,4,10
2012-08-17,1,28,29,46,47,2,8
2012-08-24,8,28,33,43,49,5,12
2012-08-31,12,20,27,38,40,9,11
2012-09-07,2,9,26,31,50,6,11
2012-09-14,13,16,19,36,47,9,10
2012-09-21,6,14,22,30,31,7,11
2012-09-28,11,17,25,26,44,6,11
2012-10-05,21,25,31,32,40,1,5
2012-10-12,4,17,41,42,50,8,9
2012-10-19,1,6,9,18,21,6,7
2012-10-26,2,8,9,15,35,5,11
2012-11-02,23,31,34,37,49,1,10
2012-11-09,21,24,28,30,49,8,9
2012-11-16,1,3,15,23,34,4,9
2012-11-23,7,8,14,23,37,9,11
2012-11-30,5,11,17,41,50,2,4
2012-12-07,3,18,19,24,25,4,10
2012-12-14,4,12,19,30,39,6,8
2012-12-21,11,20,36,38,43,7,11
2012-12-28,15,19,24,38,46,3,6
2013-01-04,12,14,21,38,45,1,8
2013-01-11,19,38,39,44,47,2,8
2013-01-18,1,2,5,15,22,4,10
2013-01-25,17,31,34,36,46,2,4
2013-02-01,4,13,19,34,41,8,9
2013-02-08,1,3,28,38,44,9,10
2013-02-15,1,3,8,38,39,9,10
2013-02-22,6,11,27,33,48,3,4
2013-03-01,4,18,36,38,41,7,8
2013-03-08,12,17,22,34,39,9,12
2013-03-15,22,24,30,35,39,5,8
2013-03-22,6,15,30,38,40,9,11
2013-03-29,14,25,37,40,44,1,10
2013-04-05,10,11,32,35,48,4,6
2013-04-12,3,21,30,45,47,2,8
2013-04-19,31,34,36,43,45,6,8
2013-04-26,6,19,21,44,47,2,3
2013-05-03,4,7,20,32,47,4,12
2013-05-10,4,29,40,43,50,5,8
2013-05-17,25,29,34,41,42,7,10
2013-05-24,28,30,34,45,46,2,7
2013-05-31,8,10,25,29,43,5,6
2013-06-07,5,13,28,30,33,1,2
2013-06-14,9,26,35,39,43,7,12
2013-06-21,7,13,27,35,39,3,7
2013-06-28,15,24,31,40,41,8,11
2013-07-05,9,13,32,38,41,8,10
2013-07-12,6,8,21,30,50,3,10
2013-07-19,7,20,21,36,43,7,8
2013-07-26,8,15,39,42,50,3,8
2013-08-02,12,19,27,47,48,1,5
2013-08-09,3,7,32,33,43,9,10
2013-08-16,19,20,30,38,47,3,10
2013-08-23,3,7,13,16,26,3,6
2013-08-30,11,23,31,36,41,3,9
2013-09-06,10,17,23,44,50,1,10
2013-09-13,17,28,29,32,39,3,8
2013-09-20,16,29,35,41,49,1,2
2013-09-27,13,14,23,26,30,2,7
2013-10-04,1,10,28,35,46,3,10
2013-10-11,9,16,30,35,39,2,3
2013-10-18,6,7,32,45,49,6,11
2013-10-25,2,6,11,16,48,3,8
2013-11-01,10,15,40,48,49,4,7
2013-11-08,28,35,36,44,48,2,7
2013-11-15,9,11,17,19,32,3,7
2013-11-22,1,8,11,27,50,6,9
2013-11-29,8,12,17,18,48,3,4
2013-12-06,6,7,16,34,48,3,10
2013-12-13,7,23,34,41,50,9,11
2013-12-20,6,12,26,30,44,4,11
2013-12-27,1,8,23,28,32,3,11
2014-01-03,7,20,21,22,36,5,10
2014-01-10,5,6,21,32,47,2,11
2014-01-17,2,6,10,17,19,2,5
2014-01-24,13,33,34,46,48,5,11
2014-01-31,7,17,28,48,49,9,12
2014-02-07,1,11,30,37,43,2,7
2014-02-14,2,9,16,19,27,6,11
2014-02-21,4,8,25,28,33,2,10
2014-02-28,12,26,38,42,44,1,2
2014-03-07,25,36,40,46,47,3,5
2014-03-14,18,22,31,37,45,9,10
2014-03-21,5,20,31,33,43,4,10
2014-03-28,12,18,19,23,33,3,11
2014-04-04,14,16,23,38,43,1,8
2014-04-11,8,12,18,34,39,2,4
2014-04-18,7,14,39,41,49,2,3
2014-04-25,15,25,43,46,48,10,12
2014-05-02,4,19,21,32,43,4,8
2014-05-09,4,8,9,29,30,1,4
2014-05-16,5,17,24,38,44,8,10
2014-05-23,1,19,24,26,31,1,9
2014-05-30,21,30,32,42,48,8,9
2014-06-06,1,10,15,18,32,6,11
2014-06-13,6,16,39,40,49,2,10
2014-06-20,6,9,47,48,50,4,8
2014-06-27,18,22,38,42,43,7,12
2014-07-04,1,11,21,25,27,2,9
2014-07-11,11,17,23,30,47,9,10
2014-07-18,8,20,38,43,44,4,9
2014-07-25,25,30,32,42,46,2,9
2014-08-01,3,16,24,31,39,2,12
2014-08-08,4,13,14,19,26,3,4
2014-08-15,18,30,33,36,50,4,11
2014-08-22,13,24,28,40,48,4,12
2014-08-29,4,23,25,46,47,6,8
2014-09-05,1,10,20,36,42,10,11
2014-09-12,1,14,32,35,49,3,9
2014-09-19,1,5,12,14,30,6,7
2014-09-26,21,37,39,40,48,3,7
2014-10-03,6,8,20,28,49,1,5
2014-10-10,14,16,21,27,47,4,10
2014-10-17,10,14,18,21,32,7,8
2014-10-24,27,35,37,44,48,5,9
2014-10-31,4,6,15,22,31,5,7
2014-11-07,9,25,35,39,40,3,11
2014-11-14,8,12,13,26,44,1,7
2014-11-21,4,7,17,44,49,3,8
2014-11-28,2,10,11,13,18,6,10
2014-12-05,6,10,14,21,24,4,9
2014-12-12,14,28,30,31,47,1,12
2014-12-19,1,2,14,20,31,1,3
2014-12-26,6,11,15,33,35,1,8
2015-01-02,1,5,17,43,44,3,5
2015-01-09,6,18,32,39,50,7,10
2015-01-16,3,4,23,25,39,2,10
2015-01-23,7,12,13,14,42,3,12
2015-01-30,16,17,40,43,50,7,10
2015-02-06,7,8,19,24,35,2,7
2015-02-13,14,15,18,27,33,5,11
2015-02-20,17,20,25,40,49,7,8
2015-02-27,19,32,34,38,46,10,11
2015-03-06,1,8,14,17,46,1,3
2015-03-13,15,21,30,34,48,2,4
2015-03-20,3,7,12,26,43,8,9
2015-03-27,1,7,12,17,43,5,11
2015-04-03,11,12,14,32,34,5,10
2015-04-10,5,13,27,29,31,7,12
2015-04-17,3,13,29,37,48,4,11
2015-04-24,1,5,13,21,35,1,11
2015-05-01,13,18,19,27,35,9,10
2015-05-08,1,2,8,20,36,2,12
2015-05-15,2,8,14,40,43,3,4
2015-05-22,16,20,21,32,46,5,11
2015-05-29,7,10,11,14,19,3,6
2015-06-05,8,27,46,49,50,6,9
2015-06-12,2,22,29,38,40,5,7
2015-06-19,12,32,40,43,46,5,7
2015-06-26,13,14,17,28,48,3,11
2015-07-03,3,11,12,21,35,3,11
2015-07-10,2,14,18,21,50,3,9
2015-07-17,3,6,8,37,39,7,12
2015-07-24,17,24,38,47,50,3,6
2015-07-31,9,12,31,33,47,1,6
2015-08-07,8,16,23,35,50,4,6
2015-08-14,16,20,22,24,36,3,5
2015-08-21,3,11,12,41,47,8,10
2015-08-28,2,22,26,43,44,8,10
2015-09-04,2,11,17,29,46,5,12
2015-09-11,2,4,10,20,46,2,10
2015-09-18,9,21,40,45,47,1,6
2015-09-25,27,34,38,39,47,3,11
2015-10-02,3,25,26,40,50,6,7
2015-10-09,2,7,9,19,26,4,5
2015-10-16,15,16,23,26,40,4,11
2015-10-23,3,10,12,13,48,2,10
2015-10-30,8,13,17,20,32,2,11
2015-11-06,16,17,35,38,46,11,12
2015-11-13,1,4,7,14,30,5,6
2015-11-20,20,25,29,31,36,1,8
2015-11-27,1,2,14,48,49,2,3
2015-12-04,5,24,36,41,45,3,7
2015-12-11,8,34,37,38,45,7,9
2015-12-18,2,16,30,42,48,4,5
2015-12-25,2,8,11,23,37,1,6
2016-01-01,14,39,42,47,49,10,11
2016-01-08,9,21,28,29,37,2,3
2016-01-15,13,15,18,29,45,9,10
2016-01-22,2,22,34,38,48,2,10
2016-01-29,1,14,16,43,48,1,5
2016-02-05,9,16,30,37,40,4,5
2016-02-12,1,6,9,10,21,8,12
2016-02-19,4,15,41,43,50,3,6
2016-02-26,2,3,16,22,32,11,12
2016-03-04,6,8,35,42,50,5,8
2016-03-11,4,10,37,38,50,2,6
2016-03-18,12,16,28,35,41,5,10
2016-03-25,3,26,28,42,50,3,4
2016-04-01,12,16,20,21,27,10,12
2016-04-08,18,23,29,47,50,1,5
2016-04-15,3,13,16,21,46,5,9
2016-04-22,16,24,30,31,33,9,10
2016-04-29,3,8,15,29,48,1,11
2016-05-06,12,21,25,28,45,3,12
2016-05-13,8,10,12,14,15,3,11
2016-05-20,1,11,28,32,45,4,7
2016-05-27,11,18,31,35,36,4,8
2016-06-03,5,14,15,33,48,4,11
2016-06-10,6,10,11,13,37,10,11
2016-06-17,1,7,28,44,46,4,11
2016-06-24,5,6,12,15,17,3,8
2016-07-01,16,26,34,35,50,3,9
2016-07-08,4,22,36,41,50,9,11
2016-07-15,1,3,22,42,43,3,4
2016-07-22,2,4,7,18,22,1,5
2016-07-29,3,12,17,20,26,5,6
2016-08-05,15,18,21,43,44,7,9
2016-08-12,17,19,31,37,42,7,8
2016-08-19,7,13,20,41,49,6,12
2016-08-26,7,10,26,31,39,5,12
2016-09-02,4,12,19,31,38,4,6
2016-09-09,18,20,45,47,48,4,10
2016-09-16,17,19,25,41,50,8,10
2016-09-23,28,36,37,44,45,8,11
2016-09-30,4,18,25,40,48,1,7
2016-10-07,2,22,23,43,50,1,11
2016-10-14,5,12,30,33,40,1,6
2016-10-21,5,8,16,21,36,2,9
2016-10-28,16,20,28,34,42,1,6
2016-11-04,9,10,23,25,47,4,5
2016-11-11,3,17,21,23,36,7,9
2016-11-18,1,5,21,43,50,7,9
2016-11-25,3,4,16,19,26,5,10
2016-12-02,1,18,19,31,37,1,5
2016-12-09,8,10,34,37,46,1,11
2016-12-16,5,26,29,39,40,3,11
2016-12-23,7,13,20,32,42,2,11
2016-12-30,22,27,28,37,46,6,7
2017-01-06,14,22,40,41,42,8,11
2017-01-13,5,27,41,46,48,5,12
2017-01-20,3,17,19,25,34,7,12
2017-01-27,21,25,32,34,46,2,11
2017-02-03,1,2,6,27,28,1,9
2017-02-10,5,14,19,37,40,4,10
2017-02-17,9,15,16,17,26,3,6
2017-02-24,5,18,21,42,45,2,3
2017-03-03,31,34,39,46,49,2,11
2017-03-10,11,13,15,28,29,2,6
2017-03-17,1,14,18,21,28,9,12
2017-03-24,6,26,42,43,46,5,12
2017-03-31,5,11,18,44,49,5,7
2017-04-07,25,37,39,46,50,3,12
2017-04-14,2,13,34,41,48,4,10
2017-04-21,5,9,10,15,26,11,12
2017-04-28,11,19,31,44,50,2,6
2017-05-05,13,19,20,22,33,3,9
2017-05-12,28,29,41,46,48,3,7
2017-05-19,16,32,33,41,49,7,11
2017-05-26,7,20,22,29,31,3,12
2017-06-02,8,10,18,24,29,7,9
2017-06-09,4,17,18,27,38,2,5
2017-06-16,3,5,32,35,50,1,11
2017-06-23,6,21,26,35,50,7,9
2017-06-30,19,22,24,33,36,3,8
2017-07-07,8,10,27,37,43,7,9
2017-07-14,1,9,43,48,50,1,2
2017-07-21,7,10,30,36,38,5,9
2017-07-28,1,14,21,22,49,3,6
2017-08-04,12,19,37,40,47,9,10
2017-08-11,2,12,30,48,49,11,12
2017-08-18,26,31,39,44,50,3,12
2017-08-25,16,26,47,48,49,10,12
2017-09-01,3,26,40,44,47,7,8
2017-09-08,4,18,28,31,49,3,12
2017-09-15,4,13,15,21,43,2,6
2017-09-22,11,29,34,41,50,7,9
2017-09-29,9,29,30,43,45,2,10
2017-10-06,2,10,12,15,46,6,10
2017-10-13,2,16,17,24,39,4,11
2017-10-20,1,2,20,27,49,3,12
2017-10-27,2,8,10,11,25,4,10
2017-11-03,13,26,28,42,45,4,7
2017-11-10,3,11,13,27,31,7,9
2017-11-17,10,14,26,33,44,4,11
2017-11-24,8,13,23,37,45,7,11
2017-12-01,21,23,31,43,48,3,12
2017-12-08,19,25,32,36,41,1,12
2017-12-15,2,10,18,25,35,3,10
2017-12-22,19,20,31,39,50,4,7
2017-12-29,7,8,11,25,44,10,11
2018-01-05,6,8,35,36,50,7,11
2018-01-12,13,18,23,48,50,3,10
2018-01-19,9,22,26,28,33,6,10
2018-01-26,11,22,28,35,46,3,12
2018-02-02,6,24,28,36,46,2,11
2018-02-09,5,6,25,31,44,3,10
2018-02-16,19,21,33,36,38,4,8
2018-02-23,3,5,20,25,31,5,11
2018-03-02,10,12,27,32,38,6,9
2018-03-09,14,23,42,45,48,6,10
2018-03-16,1,6,8,35,40,5,8
2018-03-23,5,9,11,20,37,4,11
2018-03-30,10,18,19,29,43,1,9
2018-04-06,12,32,35,44,45,8,11
2018-04-13,4,19,29,34,38,2,11
2018-04-20,1,6,8,20,35,2,11
2018-04-27,23,24,31,42,46,8,11
2018-05-04,1,9,38,43,49,7,10
2018-05-11,3,11,26,36,44,1,3
2018-05-18,8,29,35,41,47,5,12
2018-05-25,6,8,15,32,38,1,9
2018-06-01,11,20,27,40,48,2,9
2018-06-08,5,13,18,24,30,4,10
2018-06-15,1,24,36,37,38,5,12
2018-06-22,7,10,18,19,44,3,9
2018-06-29,2,7,21,23,31,2,11
2018-07-06,5,8,12,23,24,2,5
2018-07-13,1,2,14,26,49,1,10
2018-07-20,8,13,43,47,49,5,8
2018-07-27,21,30,40,44,46,1,7
2018-08-03,1,34,41,48,49,3,7
2018-08-10,5,16,25,46,47,4,6
2018-08-17,33,34,38,41,46,1,10
2018-08-24,2,3,14,22,44,10,12
2018-08-31,3,4,10,22,49,7,10
2018-09-07,24,30,35,39,41,1,7
2018-09-14,19,21,26,38,39,5,10
2018-09-21,10,18,35,39,42,3,8
2018-09-28,12,21,22,28,47,1,8
2018-10-05,1,8,16,34,45,2,5
2018-10-12,2,7,18,20,31,7,12
2018-10-19,4,10,23,24,33,2,5
2018-10-26,10,13,14,27,42,3,6
2018-11-02,7,12,14,18,29,6,11
2018-11-09,8,12,24,29,46,2,12
2018-11-16,12,37,38,40,41,1,12
2018-11-23,5,21,23,30,42,5,7
2018-11-30,4,24,29,33,50,1,3
2018-12-07,11,23,24,37,50,9,11
2018-12-14,3,20,38,42,47,4,11
2018-12-21,16,29,37,40,49,3,5
2018-12-28,4,25,26,31,34,11,12
2019-01-04,1,9,11,24,33,7,9
2019-01-11,11,14,15,23,45,2,10
2019-01-18,2,3,31,40,44,1,11
2019-01-25,4,6,15,40,46,8,12
2019-02-01,6,13,15,34,44,2,3
2019-02-08,7,24,38,46,47,4,12
2019-02-15,25,31,32,39,50,1,4
2019-02-22,5,14,16,25,29,5,8
2019-03-01,1,20,36,40,47,3,7
2019-03-08,2,14,23,35,47,6,7
2019-03-15,6,22,26,34,37,1,11
2019-03-22,6,12,37,45,47,8,10
2019-03-29,6,11,22,36,47,3,4
2019-04-05,8,14,19,25,41,8,12
2019-04-12,27,33,43,44,49,1,6
2019-04-19,8,12,37,46,48,5,10
2019-04-26,7,11,16,29,50,5,10
2019-05-03,7,9,24,33,47,2,5
2019-05-10,2,7,23,25,41,1,6
2019-05-17,5,9,22,35,45,4,10
2019-05-24,16,20,28,45,46,1,12
2019-05-31,12,22,30,33,41,8,9
2019-06-07,11,26,28,39,48,6,12
2019-06-14,14,15,21,23,42,11,12
2019-06-21,6,18,23,48,49,1,12
2019-06-28,1,18,34,36,43,2,11
2019-07-05,15,21,24,38,46,3,11
2019-07-12,2,18,19,45,50,1,2
2019-07-19,3,6,7,17,19,3,8
2019-07-26,9,14,33,38,42,5,7
2019-08-02,4,12,16,19,50,1,12
2019-08-09,1,10,26,39,44,1,6
2019-08-16,11,19,28,37,46,4,8
2019-08-23,2,12,26,27,45,2,11
2019-08-30,3,7,28,31,35,1,2
2019-09-06,4,10,11,32,46,2,7
2019-09-13,1,8,13,28,35,5,12
2019-09-20,6,13,27,37,44,6,7
2019-09-27,2,9,16,27,42,1,10
2019-10-04,7,23,32,34,37,3,6
2019-10-11,8,22,42,44,48,7,11
2019-10-18,13,14,24,37,45,1,10
2019-10-25,18,21,35,38,47,1,8
2019-11-01,4,17,27,34,43,1,2
2019-11-08,11,17,25,33,36,2,8
2019-11-15,6,10,28,32,42,1,2
2019-11-22,12,16,17,31,43,8,9
2019-11-29,12,13,24,43,47,1,3
2019-12-06,5,9,17,21,31,1,6
2019-12-13,10,19,28,40,45,6,7
2019-12-20,2,18,22,35,40,1,9
2019-12-27,3,29,39,40,49,5,10
2020-01-03,17,31,43,46,50,5,7
2020-01-10,9,35,41,42,50,2,10
2020-01-17,2,21,36,38,45,2,7
2020-01-24,4,12,23,35,36,3,11
2020-01-31,12,29,44,45,50,5,12
2020-02-07,13,20,22,28,35,1,4
2020-02-14,28,31,35,46,48,7,11
2020-02-21,9,18,27,36,46,4,10
2020-02-28,24,36,40,45,48,3,12
2020-03-06,11,20,24,26,40,6,8
2020-03-13,2,5,8,33,48,1,2
2020-03-20,16,27,41,44,50,1,11
2020-03-27,3,20,25,37,44,2,4
2020-04-03,15,20,26,44,46,6,11
2020-04-10,3,10,26,45,48,7,9
2020-04-17,1,5,11,21,39,2,4
2020-04-24,16,18,30,45,48,10,12
2020-05-01,2,6,10,29,46,6,10
2020-05-08,9,16,30,32,45,9,10
2020-05-15,2,20,23,34,42,8,9
2020-05-22,8,9,10,15,30,5,8
2020-05-29,1,10,36,47,50,7,10
2020-06-05,3,6,9,37,44,6,8
2020-06-12,20,33,34,44,47,1,6
2020-06-19,11,27,28,30,38,2,10
2020-06-26,9,21,23,38,44,2,6
2020-07-03,20,28,29,44,50,3,12
2020-07-10,6,11,12,22,40,7,8
2020-07-17,16,22,29,30,40,3,8
2020-07-24,5,7,18,21,33,2,4
2020-07-31,2,3,15,22,46,3,10
2020-08-07,1,8,15,29,32,11,12
2020-08-14,22,27,28,35,46,1,8
2020-08-21,9,10,43,46,50,8,10
2020-08-28,13,27,28,32,37,5,6
2020-09-04,2,13,14,18,19,3,7
2020-09-11,12,19,34,35,42,5,6
2020-09-18,5,24,25,31,43,2,3
2020-09-25,11,14,20,39,49,1,5
2020-10-02,6,16,26,41,48,8,10
2020-10-09,17,18,26,33,37,6,9
2020-10-16,4,12,13,39,49,1,3
2020-10-23,3,14,32,37,42,4,8
2020-10-30,2,12,18,32,35,4,6
2020-11-06,9,21,24,32,43,3,11
2020-11-13,7,29,35,40,42,8,11
2020-11-20,2,9,11,22,32,7,11
2020-11-27,7,9,20,29,39,2,5
2020-12-04,24,26,27,35,40,4,12
2020-12-11,11,20,27,30,43,7,9
2020-12-18,1,36,37,38,41,8,12
2020-12-25,12,14,17,23,37,5,7
2021-01-01,8,9,29,37,44,6,12
2021-01-08,14,26,35,38,43,4,7
2021-01-15,3,7,12,21,23,5,10
2021-01-22,12,14,23,25,27,6,11
2021-01-29,2,9,25,33,46,3,10
2021-02-05,1,10,17,33,36,10,11
2021-02-12,6,22,36,46,47,1,12
2021-02-19,7,16,20,23,45,10,12
2021-02-26,1,7,9,14,16,5,6
2021-03-05,4,30,33,38,50,2,8
2021-03-12,4,13,19,26,30,5,12
2021-03-19,5,16,29,36,40,9,11
2021-03-26,21,27,28,42,43,5,10
2021-04-02,1,3,6,19,39,4,8
2021-04-09,16,22,27,37,43,1,4
2021-04-16,2,24,33,35,43,6,7
2021-04-23,5,6,17,30,33,7,12
2021-04-30,21,22,27,31,37,1,8
2021-05-07,5,9,34,43,50,10,11
2021-05-14,11,25,39,42,50,4,12
2021-05-21,3,6,22,34,42,9,12
2021-05-28,20,32,46,48,49,1,12
2021-06-04,3,12,15,24,38,4,5
2021-06-11,17,27,28,39,49,7,10
2021-06-18,10,25,37,39,49,2,4
2021-06-25,8,21,32,33,43,4,11
2021-07-02,17,18,19,24,37,7,8
2021-07-09,17,31,32,42,43,1,5
2021-07-16,1,5,6,10,34,2,11
2021-07-23,3,12,23,43,49,10,12
2021-07-30,9,25,37,39,49,2,10
2021-08-06,11,14,29,42,48,10,11
2021-08-13,6,11,16,23,44,1,8
2021-08-20,4,16,20,27,45,5,8
2021-08-27,4,16,22,23,30,6,10
2021-09-03,1,6,17,27,39,4,7
2021-09-10,9,10,21,33,47,1,8
2021-09-17,7,27,34,37,48,1,5
2021-09-24,7,9,20,30,38,7,10
2021-10-01,12,19,26,41,48,2,3
2021-10-08,6,9,12,18,21,1,12
2021-10-15,2,4,20,34,35,2,10
2021-10-22,2,24,26,31,39,1,6
2021-10-29,6,7,28,32,36,3,9
2021-11-05,16,17,30,40,48,7,8
2021-11-12,8,10,32,34,39,3,5
2021-11-19,2,8,21,34,41,3,5
2021-11-26,5,13,16,37,41,6,9
2021-12-03,22,29,42,48,49,2,3
2021-12-10,7,24,27,28,45,5,10
2021-12-17,17,20,33,36,43,3,4
2021-12-24,13,18,35,40,47,4,11
2021-12-31,17,18,20,44,49,3,5
2022-01-07,5,18,19,22,43,3,11
2022-01-14,12,17,22,26,37,2,10
2022-01-21,16,30,32,33,49,2,11
2022-01-28,16,19,20,36,42,2,11
2022-02-04,3,18,26,27,30,8,10
2022-02-11,10,17,18,37,47,5,9
2022-02-18,17,22,28,46,48,2,12
2022-02-25,19,22,24,28,39,4,5
2022-03-04,11,17,22,40,42,7,9
2022-03-11,8,9,15,25,49,1,9
2022-03-18,1,7,21,37,38,7,12
2022-03-25,10,30,31,40,49,8,9
2022-04-01,4,11,15,27,46,7,12
2022-04-08,2,3,38,40,47,10,11
2022-04-15,11,22,37,40,44,6,8
2022-04-22,3,18,33,44,46,10,11
2022-04-29,32,33,34,36,49,6,11
2022-05-06,12,15,17,30,40,7,11
2022-05-13,15,18,37,41,42,5,10
2022-05-20,11,18,21,42,43,9,10
2022-05-27,12,24,26,33,42,8,9
2022-06-03,11,13,29,31,46,4,7
2022-06-10,6,8,24,36,49,4,7
2022-06-17,16,17,18,22,40,9,12
2022-06-24,4,13,20,41,45,3,9
2022-07-01,13,27,30,42,48,8,12
2022-07-08,13,34,38,44,46,6,9
2022-07-15,1,21,27,37,47,2,9
2022-07-22,3,6,11,17,47,4,12
2022-07-29,2,10,11,14,33,6,11
2022-08-05,5,9,16,20,46,1,4
2022-08-12,3,15,29,35,38,6,9
2022-08-19,2,5,40,44,50,7,12
2022-08-26,14,15,17,43,49,7,11
2022-09-02,13,22,30,31,37,2,4
2022-09-09,14,16,23,32,39,5,10
2022-09-16,1,9,14,28,37,7,12
2022-09-23,3,30,31,34,41,1,3
2022-09-30,15,26,34,35,45,2,12
2022-10-07,5,7,15,25,43,1,2
2022-10-14,7,15,17,26,34,5,12
2022-10-21,1,8,21,33,49,1,3
2022-10-28,2,3,20,21,46,10,11
2022-11-04,10,24,34,40,41,5,9
2022-11-11,13,17,22,28,46,3,9
2022-11-18,4,19,31,36,37,8,9
2022-11-25,14,17,25,29,39,3,8
2022-12-02,9,17,21,24,36,1,7
2022-12-09,6,8,11,13,21,1,5
2022-12-16,2,17,26,30,34,5,7
2022-12-23,8,14,19,22,26,2,4
2022-12-30,1,6,34,36,40,2,8
2023-01-06,7,8,13,25,45,7,10
2023-01-13,14,24,32,36,43,6,8
2023-01-20,3,6,27,28,38,6,10
2023-01-27,5,21,28,31,42,2,6
2023-02-03,6,18,19,30,40,4,12
2023-02-10,6,7,10,16,47,5,8
2023-02-17,28,29,35,37,44,6,11
2023-02-24,10,20,21,30,46,4,8
2023-03-03,3,21,25,29,31,3,6
2023-03-10,4,24,29,30,40,2,10
2023-03-17,12,15,31,32,40,4,7
2023-03-24,1,24,31,37,48,3,7
2023-03-31,6,11,12,14,50,2,11
2023-04-07,12,25,31,33,46,9,11
